{"type": "block", "layer": 1, "block": 4, "features": [{"geom": {"lines": [[-0.020651248564192315, 0.02558518226356199, 0.007181063232421876, -0.020661948564196564, 0.02581518226356394, 0.007180571899414063, -0.020645848564200264, 0.02593818226355893, 0.007180111083984375, -0.020517048564201446, 0.026025682263565386, 0.007178699951171876, -0.020216648564201023, 0.026139082263561875, 0.007175599975585938, -0.01940484856419289, 0.026198682263562034, 0.007167825317382813]]}, "mtl": {"idx": 0}}, {"geom": {"lines": [[-0.014644148564201487, 0.02724438226356085, 0.007125143432617188, -0.014749748564199194, 0.027125182263560532, 0.007126777954101563, -0.01581444856419978, 0.025927882263559354, 0.007142052612304688, -0.015942848564193923, 0.025784982263559186, 0.007143741455078126, -0.016394348564190864, 0.025249082263563594, 0.007149641113281251, -0.016740548564200708, 0.024913382263562767, 0.007153452758789063, -0.016845348564203277, 0.02482818226356187, 0.007154473876953125, -0.016952948564195935, 0.024752682263560644, 0.007155439453125001, -0.01723644856419071, 0.024575582263558715, 0.007157799072265625, -0.017460548564201872, 0.02442708226356416, 0.007159727783203126, -0.01757264856419738, 0.024346682263562514, 0.007160950317382813, -0.01768484856420116, 0.024244482263561906, 0.007162345581054688, -0.017836448564196417, 0.0240886822635602, 0.007164804077148438, -0.018409748564195638, 0.02347778226356212, 0.0071740344238281255, -0.018567548564192293, 0.02330958226356472, 0.007176471557617188]]}, "mtl": {"idx": 0}}, {"geom": {"lines": [[-0.020629148564196953, 0.0222539822635639, 0.007197190551757813, -0.02184564856419513, 0.022617282263560412, 0.007202681274414063, -0.022500648564189873, 0.02190458226355929, 0.007211955566406251]]}, "mtl": {"idx": 0}}, {"geom": {"lines": [[0.03864385143580762, 0.021117482263562692, 0.007950565185546876, 0.03839305143580418, 0.021725082263564843, 0.007915560302734376, 0.03809895143579922, 0.02197498226356487, 0.007896185913085938, 0.03759435143579992, 0.02220838226356392, 0.007872131958007813, 0.037026551435801025, 0.02276628226356081, 0.007831586303710938, 0.03664785143580218, 0.022925082263562047, 0.007814480590820313, 0.03644805143579788, 0.023145982263564235, 0.007799226684570313, 0.035742051435804, 0.023493982263559587, 0.007766386108398438, 0.03503465143580797, 0.02368718226356492, 0.007740731201171876, 0.03443085143580049, 0.024337382263560414, 0.0076971643066406255, 0.03392845143579848, 0.024492582263562213, 0.007678526000976563, 0.033145151435803655, 0.02454958226356041, 0.0076577734375, 0.03250425143581026, 0.02447398226356512, 0.007645871582031251, 0.031808551435801746, 0.02456148226356447, 0.007626844482421876, 0.030915651435805103, 0.024784582263563948, 0.007598516845703125, 0.030559151435809895, 0.02506648226356134, 0.007579517211914063, 0.029866351435799743, 0.025319982263560803, 0.007554631958007813, 0.028989651435807673, 0.025824582263560103, 0.0075161920166015635, 0.027893551435809627, 0.026304982263560817, 0.007475130615234376, 0.02620215143579685, 0.026847582263563652, 0.007423107910156251, 0.02524665143580762, 0.027027782263559175, 0.0073988940429687506, 0.024838851435802667, 0.027038382263562255, 0.007391068115234376, 0.024154851435810087, 0.027278882263559012, 0.007369830322265626, 0.023545351435799944, 0.027207682263565403, 0.007362297973632813, 0.02294515143580611, 0.027398482263564006, 0.007345909423828126, 0.02238155143579945, 0.027458282263559397, 0.007334872436523438, 0.02186815143579679, 0.027968982263558928, 0.007308875732421876, 0.02100245143580537, 0.028401882263558775, 0.007280559692382813, 0.020768751435809918, 0.028658582263560106, 0.007268321533203125, 0.02074085143580362, 0.028916282263558912, 0.007259808959960938, 0.020535351435796656, 0.02909218226356103, 0.007251254272460938, 0.01945675143579706, 0.029513882263564994, 0.007223220825195313, 0.019317851435801003, 0.02970798226355953, 0.007215604858398438, 0.018937351435809546, 0.029797982263559675, 0.0072082696533203134, 0.018757351435809255, 0.029932082263563586, 0.007202062988281251, 0.017706951435798146, 0.030256682263562595, 0.0071799493408203135, 0.017200251435809832, 0.03029208226356417, 0.007172964477539063, 0.016568551435810264, 0.030663982263561707, 0.0071549255371093756, 0.01632635143580785, 0.030971682263562172, 0.007143403930664063, 0.015578051435809925, 0.031161282263560963, 0.007129819335937501, 0.015184451435800383, 0.03151218226356178, 0.0071166772460937505, 0.015041751435802553, 0.0318599822635619, 0.0071058935546875, 0.015013251435803454, 0.0321514822635649, 0.007097644653320313, 0.014579151435796689, 0.03244338226356547, 0.007086209106445313, 0.013412451435797834, 0.0328084822635617, 0.0070674920654296884, 0.01216945143580972, 0.03358718226355961, 0.007040366821289063, 0.011917851435796933, 0.03389868226356185, 0.007031582031250001, 0.011393351435799559, 0.03410818226355872, 0.007023555297851563, 0.011012951435802165, 0.034316082263565306, 0.007017394409179688, 0.010860651435805835, 0.034603782263559424, 0.00701051513671875, 0.010356451435796998, 0.03486198226356407, 0.0070030419921875, 0.009721451435808603, 0.03507458226356164, 0.006996259155273438, 0.009189451435801743, 0.03544998226356455, 0.006986690063476563, 0.00856835143579815, 0.03560878226355868, 0.006981492309570313, 0.00854855143580835, 0.035738282263558574, 0.006978839111328125, 0.008704051435799443, 0.036048382263558665, 0.006973069458007813, 0.008507351435810051, 0.03640158226356505, 0.006965461425781251, 0.008142951435800683, 0.03658118226356066, 0.006960997924804688, 0.007981951435809265, 0.03698858226356094, 0.006952716674804688, 0.007843351435809609, 0.037176482263561184, 0.006949166259765625, 0.007760751435796465, 0.03741658226356037, 0.0069448547363281255, 0.007557551435809273, 0.037735682263559056, 0.006939027709960938, 0.007532551435801338, 0.03796938226356161, 0.0069349902343750006, 0.00696725143581034, 0.03821768226356426, 0.00693093994140625, 0.006701851435806816, 0.0386155822635601, 0.006924754028320313, 0.006274851435804862, 0.03884028226356406, 0.0069218518066406255, 0.00561845143580797, 0.038884082263564324, 0.006922396240234376, 0.005010551435802313, 0.038836982263561026, 0.006924269409179688, 0.004411651435802355, 0.03915928226356158, 0.006920650024414063, 0.003919851435796318, 0.03956228226356018, 0.006915918579101563, 0.0036911514358024533, 0.039867782263563356, 0.006912152099609376, 0.0023829514358055803, 0.040043782263559535, 0.006915291748046876, 0.0018689514358101178, 0.0403384822635644, 0.006914323120117188, 0.0014314514358062524, 0.04079958226355984, 0.006911084594726563, 0.0007927514358101462, 0.04113138226356483, 0.00691100830078125, 0.0005701514358094073, 0.04138488226356429, 0.006909873657226563, -0.0005240485642019621, 0.041955482263560384, 0.00691174072265625, -0.0010157485641997255, 0.04232638226356045, 0.006911895751953125, -0.001154148564197044, 0.04252728226356339, 0.006911492919921876, -0.0011298485641901834, 0.043025482263558956, 0.006906938476562501, -0.0010305485642021495, 0.0432037822635607, 0.006904345092773438, -0.0010517485641940993, 0.04330548226356257, 0.006903683471679688, -0.0013894485641969823, 0.04343028226356438, 0.006906231689453125, -0.002294848564190488, 0.044167182263564086, 0.006910284423828125, -0.0034547485641951425, 0.044988582263563615, 0.006917857055664063, -0.003863748564199909, 0.045139182263561395, 0.006921788940429688, -0.0048566485641998725, 0.04522878226356397, 0.0069333135986328134, -0.005576248564196362, 0.04539488226356525, 0.006942529907226563, -0.005981448564199354, 0.045421682263558694, 0.006948616333007813, -0.006307348564192239, 0.04558948226356563, 0.006953101196289063, -0.006602548564202948, 0.04596058226356092, 0.006956651611328126, -0.006892348564193185, 0.046072682263563536, 0.006960915527343751, -0.007185948564199407, 0.04607078226356265, 0.006965541992187501, -0.0075216485641931285, 0.04628658226356208, 0.006970402221679688, -0.008282048564197453, 0.04628848226356297, 